payment_id,invoice_id,amount,payment_date,fee,status
PAY-1001,INV-1001,1250.00,2026-08-03,0.00,SUCCESS
PAY-1002,INV-1002,1500.00,2026-08-04,0.00,SUCCESS
PAY-1003,INV-1003,1750.00,2026-08-05,0.00,SUCCESS
PAY-1004,INV-1004,2000.00,2026-08-06,0.00,SUCCESS
PAY-1005,INV-1005,2250.00,2026-08-07,0.00,SUCCESS
PAY-1006,INV-1006,2500.00,2026-08-08,0.00,SUCCESS
PAY-1007,INV-1007,2750.00,2026-08-09,0.00,SUCCESS
PAY-1008,INV-1008,3000.00,2026-08-10,0.00,SUCCESS
PAY-1009,INV-1009,3250.00,2026-08-11,0.00,SUCCESS
PAY-1010,INV-1010,3500.00,2026-08-12,0.00,SUCCESS
PAY-1011,INV-1011,3750.00,2026-08-13,0.00,SUCCESS
PAY-1012,INV-1012,4000.00,2026-08-14,0.00,SUCCESS
PAY-1013,INV-1013,4250.00,2026-08-15,0.00,SUCCESS
PAY-1014,INV-1014,4500.00,2026-08-16,0.00,SUCCESS
PAY-1015,INV-1015,4750.00,2026-08-02,0.00,SUCCESS
PAY-1016,INV-1016,5000.00,2026-08-03,0.00,SUCCESS
PAY-1017,INV-1017,20000.00,2026-08-04,600.00,SUCCESS
PAY-1018,INV-1018,5500.00,2026-08-05,0.00,SUCCESS
PAY-1019,INV-1019,5750.00,2026-08-06,0.00,SUCCESS
PAY-1020,INV-1020,6000.00,2026-08-07,0.00,SUCCESS
PAY-1021,INV-1021,6250.00,2026-08-08,0.00,SUCCESS
PAY-1022,INV-1022,6500.00,2026-08-09,0.00,SUCCESS
PAY-1023,INV-1023,6750.00,2026-08-10,0.00,SUCCESS
PAY-1024,INV-1024,7000.00,2026-08-11,0.00,SUCCESS
PAY-1025,INV-1025,7250.00,2026-08-12,0.00,SUCCESS
PAY-1026,INV-1026,7500.00,2026-08-13,0.00,SUCCESS
PAY-1027,INV-1027,7750.00,2026-08-14,0.00,SUCCESS
PAY-1028,INV-1028,8000.00,2026-08-15,0.00,SUCCESS
PAY-1029,INV-1029,8250.00,2026-08-16,0.00,SUCCESS
PAY-1030,INV-1030,8500.00,2026-08-02,0.00,SUCCESS
PAY-1031,INV-1031,8750.00,2026-08-03,0.00,SUCCESS
PAY-1032,INV-1032,9000.00,2026-08-04,0.00,SUCCESS
PAY-1033,INV-1033,9250.00,2026-08-05,0.00,SUCCESS
PAY-1034,INV-1034,9500.00,2026-08-06,0.00,SUCCESS
PAY-1035,INV-1035,9750.00,2026-08-07,0.00,SUCCESS
PAY-1036,INV-1036,10000.00,2026-08-08,0.00,SUCCESS
PAY-1037,INV-1037,10250.00,2026-08-09,0.00,SUCCESS
PAY-1038,INV-1038,10500.00,2026-08-10,0.00,SUCCESS
PAY-1039,INV-1039,10750.00,2026-08-11,0.00,SUCCESS
PAY-1040,INV-1040,11000.00,2026-08-12,0.00,SUCCESS
PAY-1041,INV-1041,11250.00,2026-08-13,0.00,SUCCESS
PAY-1042,INV-1042,11500.00,2026-08-14,0.00,SUCCESS
PAY-1043,INV-1043,11750.00,2026-08-15,0.00,SUCCESS
PAY-1044,INV-1044,12000.00,2026-08-16,0.00,SUCCESS
PAY-1045,INV-1045,12250.00,2026-08-02,0.00,SUCCESS
PAY-1046,INV-1046,12500.00,2026-08-03,0.00,SUCCESS
PAY-1047,INV-1047,12750.00,2026-08-04,0.00,SUCCESS
PAY-1048,INV-1048,13000.00,2026-08-05,0.00,SUCCESS
PAY-1049,INV-1049,13250.00,2026-08-06,0.00,SUCCESS
PAY-1050,INV-1050,13500.00,2026-08-07,0.00,SUCCESS
PAY-1051,INV-1051,13750.00,2026-08-08,0.00,SUCCESS
PAY-1052,INV-1052,14000.00,2026-08-09,0.00,SUCCESS
PAY-1053,INV-1053,14250.00,2026-08-10,0.00,SUCCESS
PAY-1054,INV-1054,14500.00,2026-08-11,0.00,SUCCESS
PAY-1055,INV-1055,14750.00,2026-08-12,0.00,SUCCESS
PAY-1056,INV-1056,15000.00,2026-08-13,0.00,SUCCESS
PAY-1057,INV-1057,15250.00,2026-08-14,0.00,SUCCESS
PAY-1058,INV-1058,15500.00,2026-08-15,0.00,SUCCESS
PAY-1059,INV-1059,15750.00,2026-08-16,0.00,SUCCESS
PAY-1060,INV-1060,16000.00,2026-08-02,0.00,SUCCESS
PAY-1061,INV-1061,16250.00,2026-08-03,0.00,SUCCESS
PAY-1062,INV-1062,16500.00,2026-08-04,0.00,SUCCESS
PAY-1063,INV-1063,16750.00,2026-08-05,0.00,SUCCESS
PAY-1064,INV-1064,17000.00,2026-08-06,0.00,SUCCESS
PAY-1065,INV-1065,17250.00,2026-08-07,0.00,SUCCESS
PAY-1066,INV-1066,17500.00,2026-08-08,0.00,SUCCESS
PAY-1067,INV-1067,17750.00,2026-08-09,0.00,SUCCESS
PAY-1068,INV-1068,18000.00,2026-08-10,0.00,SUCCESS
PAY-1069,INV-1069,18250.00,2026-08-11,0.00,SUCCESS
PAY-1070,INV-1070,18500.00,2026-08-12,0.00,SUCCESS
PAY-1071,INV-1071,18750.00,2026-08-13,0.00,SUCCESS
PAY-1072,INV-1072,19000.00,2026-08-14,0.00,SUCCESS
PAY-1073,INV-1073,19250.00,2026-08-15,0.00,SUCCESS
PAY-1074,INV-1074,19500.00,2026-08-16,0.00,SUCCESS
PAY-1075,INV-1075,19750.00,2026-08-02,0.00,SUCCESS
PAY-1076,INV-1076,20000.00,2026-08-03,0.00,SUCCESS
PAY-1077,INV-1077,20250.00,2026-08-04,0.00,SUCCESS
PAY-1078,INV-1078,20500.00,2026-08-05,0.00,SUCCESS
PAY-1079,INV-1079,20750.00,2026-08-06,0.00,SUCCESS
PAY-1080,INV-1080,21000.00,2026-08-07,0.00,SUCCESS
PAY-1081,INV-1081,21250.00,2026-08-08,0.00,SUCCESS
PAY-1082,INV-1082,21500.00,2026-08-09,0.00,SUCCESS
PAY-1083,INV-1083,21750.00,2026-08-10,0.00,SUCCESS
PAY-1084,INV-1084,22000.00,2026-08-11,0.00,SUCCESS
PAY-1085,INV-1085,22250.00,2026-08-12,0.00,SUCCESS
PAY-1086,INV-1086,22500.00,2026-08-13,0.00,SUCCESS
PAY-1087,INV-1087,22750.00,2026-08-14,0.00,SUCCESS
PAY-1088,INV-1088,23000.00,2026-08-15,0.00,SUCCESS
PAY-1089,INV-1089,23250.00,2026-08-16,0.00,SUCCESS
PAY-1090,INV-1090,23500.00,2026-08-02,0.00,SUCCESS
PAY-1091,INV-1091,23750.00,2026-08-03,60.00,SUCCESS
PAY-1092,INV-1092,24000.00,2026-08-04,70.00,SUCCESS
PAY-1093,INV-1093,24250.00,2026-08-05,80.00,SUCCESS
PAY-1094,INV-1094,24500.00,2026-08-06,90.00,SUCCESS
PAY-1095,INV-1095,24750.00,2026-08-07,100.00,SUCCESS
PAY-1096,INV-1096,25000.00,2026-08-08,110.00,SUCCESS
PAY-1097,INV-1097,25250.00,2026-08-09,120.00,SUCCESS
PAY-1098,INV-1098,25500.00,2026-08-10,130.00,SUCCESS
PAY-1099,INV-1099,25750.00,2026-08-11,140.00,SUCCESS
PAY-1100,INV-1100,26000.00,2026-08-12,50.00,SUCCESS
PAY-1101,INV-1101,26250.00,2026-08-13,60.00,SUCCESS
PAY-1102,INV-1102,26500.00,2026-08-14,70.00,SUCCESS
PAY-1103,INV-1103,26750.00,2026-08-15,80.00,SUCCESS
PAY-1104,INV-1104,27000.00,2026-08-16,90.00,SUCCESS
PAY-1105,INV-1105,27250.00,2026-08-02,100.00,SUCCESS
PAY-1106,INV-1106,27250.00,2026-08-03,0.00,SUCCESS
PAY-1107,INV-1107,27500.00,2026-08-04,0.00,SUCCESS
PAY-1108,INV-1108,27750.00,2026-08-05,0.00,SUCCESS
PAY-1109,INV-1109,28000.00,2026-08-06,0.00,SUCCESS
PAY-1110,INV-1110,28250.00,2026-08-07,0.00,SUCCESS
PAY-1111,INV-1111,28500.00,2026-08-08,0.00,SUCCESS
PAY-1112,INV-1112,28750.00,2026-08-09,0.00,SUCCESS
PAY-1113,INV-1113,29000.00,2026-08-10,0.00,SUCCESS
PAY-1114,INV-1114,29250.00,2026-08-11,0.00,SUCCESS
PAY-1115,INV-1115,29500.00,2026-08-12,0.00,SUCCESS
PAY-1116,INV-1116,29750.00,2026-08-13,0.00,SUCCESS
PAY-1117,INV-1117,30000.00,2026-08-14,0.00,SUCCESS
PAY-1118,INV-1118,30250.00,2026-08-15,0.00,SUCCESS
PAY-1119,INV-1119,30500.00,2026-08-16,0.00,SUCCESS
PAY-1120,INV-1120,30750.00,2026-08-02,0.00,SUCCESS
PAY-1121,INV-1121,31250.00,2026-08-03,0.00,SUCCESS
PAY-1122,INV-1122,31500.00,2026-08-04,0.00,SUCCESS
PAY-1123,INV-1123,31750.00,2026-08-05,0.00,SUCCESS
PAY-1124,INV-1124,32000.00,2026-08-06,0.00,SUCCESS
PAY-1125,INV-1125,32250.00,2026-08-07,0.00,SUCCESS
PAY-1126,INV-1126,32500.00,2026-08-08,0.00,SUCCESS
PAY-1127,INV-1127,32750.00,2026-08-09,0.00,SUCCESS
PAY-1128,INV-1128,33000.00,2026-08-10,0.00,SUCCESS
PAY-1129,INV-1129,33250.00,2026-08-11,0.00,SUCCESS
PAY-1130,INV-1130,33500.00,2026-08-12,0.00,SUCCESS
PAY-1131,INV-1131,33750.00,2026-08-13,0.00,SUCCESS
PAY-1132,INV-1132,34000.00,2026-08-14,0.00,SUCCESS
PAY-1133,INV-1133,34250.00,2026-08-15,0.00,SUCCESS
PAY-1134,INV-1134,34500.00,2026-08-16,0.00,SUCCESS
PAY-1135,INV-1135,34750.00,2026-08-02,0.00,SUCCESS
PAY-1136,INV-1136,35000.00,2026-08-03,0.00,SUCCESS
PAY-1137,INV-1137,35250.00,2026-08-04,0.00,SUCCESS
PAY-1138,INV-1138,35500.00,2026-08-05,0.00,SUCCESS
PAY-1139,INV-1139,35750.00,2026-08-06,0.00,SUCCESS
PAY-1140,INV-1140,36000.00,2026-08-07,0.00,SUCCESS
PAY-1146,INV-1146,37500.00,2026-08-13,0.00,SUCCESS
PAY-1146-DUP,INV-1146,37500.00,2026-08-13,0.00,SUCCESS
PAY-1147,INV-1147,37750.00,2026-08-14,0.00,SUCCESS
PAY-1147-DUP,INV-1147,37750.00,2026-08-14,0.00,SUCCESS
PAY-1148,INV-1148,38000.00,2026-08-15,0.00,SUCCESS
PAY-1148-DUP,INV-1148,38000.00,2026-08-15,0.00,SUCCESS
PAY-1149,INV-1149,38250.00,2026-08-16,0.00,SUCCESS
PAY-1149-DUP,INV-1149,38250.00,2026-08-16,0.00,SUCCESS
PAY-1150,INV-1150,38500.00,2026-08-02,0.00,SUCCESS
PAY-1150-DUP,INV-1150,38500.00,2026-08-02,0.00,SUCCESS